S.No,Date Created,Target URL Slug,Full URL,Indexing Status,Category / Theme,Notes
1,2026-09-03,/personal-loan-settlement-mysore,https://settleloans.in/personal-loan-settlement-mysore,Submitted,Geo-Hub / Karnataka,P2P & Satellite IT default
2,2026-09-03,/personal-loan-settlement-meerut,https://settleloans.in/personal-loan-settlement-meerut,Submitted,Geo-Hub / UP,Manufacturing corridor recovery defense
3,2026-09-03,/personal-loan-settlement-raipur,https://settleloans.in/personal-loan-settlement-raipur,Submitted,Geo-Hub / Chhattisgarh,Steel & trade capital MSME resolution
4,2026-09-03,/personal-loan-settlement-bhubaneswar,https://settleloans.in/personal-loan-settlement-bhubaneswar,Submitted,Geo-Hub / Odisha,IT & Mining capital SARB resolution
5,2026-09-03,/recovery-agents-visiting-parents-old-address-legal-shield,https://settleloans.in/recovery-agents-visiting-parents-old-address-legal-shield,Submitted,Recovery Agent Legal Shield,Section 329 BNS trespass & SC privacy shield
6,2026-09-03,/limitation-act-3-years-time-barred-loan-recovery,https://settleloans.in/limitation-act-3-years-time-barred-loan-recovery,Submitted,Statutory Legal Defense,Article 19/55 Limitation Act 3-year time-bar
7,2026-09-03,/liquiloans-p2p-loan-settlement-process,https://settleloans.in/liquiloans-p2p-loan-settlement-process,Submitted,P2P Fintech Settlement,NDX P2P healthcare/skilling loan OTS
8,2026-09-03,/lendenclub-p2p-loan-settlement-process,https://settleloans.in/lendenclub-p2p-loan-settlement-process,Submitted,P2P Fintech Settlement,Finstree NBFC-P2P loan compromise
9,2026-09-03,/freo-moneytap-credit-line-settlement,https://settleloans.in/freo-moneytap-credit-line-settlement,Submitted,Fintech Credit Line,RBL Bank / DMI Finance line settlement
10,2026-09-03,/cred-cash-personal-loan-settlement-process,https://settleloans.in/cred-cash-personal-loan-settlement-process,Submitted,Fintech Credit Line,IDFC / Newtap / L&T credit line settlement
11,2026-09-03,/personal-loan-settlement-vijayawada,https://settleloans.in/personal-loan-settlement-vijayawada,Submitted,Geo-Hub / Andhra Pradesh,Amaravati trade & agriculture hub
12,2026-09-03,/personal-loan-settlement-jodhpur,https://settleloans.in/personal-loan-settlement-jodhpur,Submitted,Geo-Hub / Rajasthan,Rajasthan HC seat & handicrafts export hub
13,2026-09-03,/personal-loan-settlement-dehradun,https://settleloans.in/personal-loan-settlement-dehradun,Submitted,Geo-Hub / Uttarakhand,State capital tourism & education hub
14,2026-09-03,/can-bank-debit-current-account-for-personal-loan-default,https://settleloans.in/can-bank-debit-current-account-for-personal-loan-default,Submitted,Banking Legal Defense,Doctrine of Mutuality & Current account lien
15,2026-09-03,/mobikwik-zip-pay-later-settlement-process,https://settleloans.in/mobikwik-zip-pay-later-settlement-process,Submitted,BNPL / Fintech Wallet,ZIP Pay Later compound charges waiver
16,2026-09-03,/postpe-bharatpe-credit-line-settlement,https://settleloans.in/postpe-bharatpe-credit-line-settlement,Submitted,BNPL / Fintech Credit,Unity SFB / Trillion Loans credit line OTS
17,2026-09-03,/onecard-slice-uni-credit-card-settlement,https://settleloans.in/onecard-slice-uni-credit-card-settlement,Submitted,Fintech Credit Cards,OneCard / Slice / Uni co-branded card OTS
18,2026-09-03,/ujjivan-small-finance-bank-loan-settlement,https://settleloans.in/ujjivan-small-finance-bank-loan-settlement,Submitted,Small Finance Bank (SFB),Ujjivan SFB retail & micro-loan OTS
19,2026-09-03,/equitas-small-finance-bank-loan-settlement,https://settleloans.in/equitas-small-finance-bank-loan-settlement,Submitted,Small Finance Bank (SFB),Equitas SFB retail & commercial OTS
20,2026-09-03,/au-small-finance-bank-loan-settlement,https://settleloans.in/au-small-finance-bank-loan-settlement,Submitted,Small Finance Bank (SFB),AU SFB SARB negotiation & PSSA defense
21,2026-09-02,/getting-home-loan-after-personal-loan-settlement,https://settleloans.in/getting-home-loan-after-personal-loan-settlement,Submitted,Post-Settlement Strategy,Post-settlement home/car loan roadmap
22,2026-09-02,/personal-loan-settlement-ranchi,https://settleloans.in/personal-loan-settlement-ranchi,Submitted,Geo-Hub / Jharkhand,Capital & mining belt PSU advocate OTS
23,2026-09-02,/personal-loan-settlement-madurai,https://settleloans.in/personal-loan-settlement-madurai,Submitted,Geo-Hub / Tamil Nadu,South TN commercial gateway
24,2026-09-02,/personal-loan-settlement-nashik,https://settleloans.in/personal-loan-settlement-nashik,Submitted,Geo-Hub / Maharashtra,Auto-ancillary & agro-corridor
25,2026-09-02,/personal-loan-settlement-agra,https://settleloans.in/personal-loan-settlement-agra,Submitted,Geo-Hub / UP,Footwear/handicraft MSME litigation defense
26,2026-09-02,/iifl-finance-loan-settlement-process,https://settleloans.in/iifl-finance-loan-settlement-process,Submitted,Major NBFC,IIFL personal & gold loan shortfall OTS
27,2026-09-02,/krazybee-services-nbfc-loan-settlement,https://settleloans.in/krazybee-services-nbfc-loan-settlement,Submitted,Fintech NBFC,KreditBee parent NBFC legal notice defense
28,2026-09-02,/avanse-education-loan-settlement-process,https://settleloans.in/avanse-education-loan-settlement-process,Submitted,Education NBFC,Avanse higher education parent shield OTS
29,2026-09-02,/incred-personal-loan-settlement-process,https://settleloans.in/incred-personal-loan-settlement-process,Submitted,Fintech NBFC,InCred personal & student loan settlement
30,2026-09-02,/how-to-escalate-loan-harassment-to-principal-nodal-officer,https://settleloans.in/how-to-escalate-loan-harassment-to-principal-nodal-officer,Submitted,Banking Grievance Escalation,Direct PNO escalation under RBI framework
31,2026-09-02,/personal-loan-settlement-trivandrum,https://settleloans.in/personal-loan-settlement-trivandrum,Submitted,Geo-Hub / Kerala,Technopark IT & capital region defense
32,2026-09-02,/personal-loan-settlement-guwahati,https://settleloans.in/personal-loan-settlement-guwahati,Submitted,Geo-Hub / Assam,North-East commercial capital defense
33,2026-09-02,/personal-loan-settlement-kanpur,https://settleloans.in/personal-loan-settlement-kanpur,Submitted,Geo-Hub / UP,Leather & manufacturing district courts
34,2026-09-02,/personal-loan-settlement-rajkot,https://settleloans.in/personal-loan-settlement-rajkot,Submitted,Geo-Hub / Gujarat,Saurashtra MSME & auto-components
35,2026-09-02,/personal-loan-settlement-varanasi,https://settleloans.in/personal-loan-settlement-varanasi,Submitted,Geo-Hub / UP,Purvanchal commercial & Lok Adalat hub
36,2026-09-02,/lt-finance-personal-loan-settlement,https://settleloans.in/lt-finance-personal-loan-settlement,Submitted,Major NBFC,L&T Finance retail OTS discount matrix
37,2026-09-02,/hero-fincorp-personal-loan-settlement,https://settleloans.in/hero-fincorp-personal-loan-settlement,Submitted,Major NBFC,Hero FinCorp retail & two-wheeler OTS
38,2026-09-02,/sma-account-classification-loan-settlement-window,https://settleloans.in/sma-account-classification-loan-settlement-window,Submitted,RBI Stressed Assets Framework,"SMA-0, SMA-1, SMA-2 pre-NPA settlement window"
39,2026-09-02,/hdfc-credila-education-loan-settlement,https://settleloans.in/hdfc-credila-education-loan-settlement,Submitted,Education NBFC,HDFC Credila higher education OTS
40,2026-09-02,/abroad-education-loan-default-settlement-process,https://settleloans.in/abroad-education-loan-default-settlement-process,Submitted,Education Loan Default,Expat student & parent co-signer legal shield
41,2026-09-01,/personal-loan-settlement-bhopal,https://settleloans.in/personal-loan-settlement-bhopal,Submitted,Geo-Hub / MP,MP capital region debt settlement
42,2026-09-01,/personal-loan-settlement-vadodara,https://settleloans.in/personal-loan-settlement-vadodara,Submitted,Geo-Hub / Gujarat,Chemical & engineering corridor OTS
43,2026-09-01,/personal-loan-settlement-visakhapatnam,https://settleloans.in/personal-loan-settlement-visakhapatnam,Submitted,Geo-Hub / Andhra Pradesh,Vizag port & IT corridor OTS
44,2026-09-01,/msme-samadhaan-loan-default-settlement-process,https://settleloans.in/msme-samadhaan-loan-default-settlement-process,Submitted,MSME Debt Restructuring,Udyam registered MSME debt restructuring
45,2026-09-01,/loan-against-property-lap-shortfall-settlement,https://settleloans.in/loan-against-property-lap-shortfall-settlement,Submitted,Secured Debt Shortfall,Post-SARFAESI auction shortfall settlement
46,2026-09-01,/personal-guarantee-invocation-loan-settlement,https://settleloans.in/personal-guarantee-invocation-loan-settlement,Submitted,Commercial Insolvency Defense,Director guarantee invocation Section 128 ICA
47,2026-09-01,/sbi-card-credit-card-settlement-process,https://settleloans.in/sbi-card-credit-card-settlement-process,Submitted,Credit Card Settlement,SBI Cards Gurugram hub 60-70% waiver OTS
48,2026-09-01,/american-express-amex-credit-card-settlement-india,https://settleloans.in/american-express-amex-credit-card-settlement-india,Submitted,Credit Card Settlement,Amex Platinum/Gold card legal compromise
49,2026-09-01,/crif-high-mark-equifax-loan-settlement-dispute,https://settleloans.in/crif-high-mark-equifax-loan-settlement-dispute,Submitted,Credit Bureau Repair,CRIF High Mark & Equifax post-settlement repair
50,2026-09-01,/experian-credit-report-dispute-settled-status-removal,https://settleloans.in/experian-credit-report-dispute-settled-status-removal,Submitted,Credit Bureau Repair,Experian dispute under CICRA Act 2005
51,2026-09-01,/rbi-debt-resolution-framework-vs-loan-settlement,https://settleloans.in/rbi-debt-resolution-framework-vs-loan-settlement,Submitted,Debt Strategy Comparison,Resolution framework restructuring vs OTS haircut
52,2026-09-01,/unfair-contract-terms-in-bank-loan-agreements,https://settleloans.in/unfair-contract-terms-in-bank-loan-agreements,Submitted,Consumer Protection Law,Section 2(46) CPA 2019 unfair terms challenge
53,2026-09-01,/how-to-close-loan-account-permanently-after-settlement,https://settleloans.in/how-to-close-loan-account-permanently-after-settlement,Submitted,Post-Settlement Protocols,"5-step ledger zeroing, NDC seal & CIBIL update"
54,2026-09-01,/lok-adalat-order-non-compliance-by-bank,https://settleloans.in/lok-adalat-order-non-compliance-by-bank,Submitted,Judicial Enforcement,Executing Lok Adalat award under Section 21 LSA
55,2026-09-01,/personal-loan-settlement-coimbatore,https://settleloans.in/personal-loan-settlement-coimbatore,Submitted,Geo-Hub / Tamil Nadu,Textile & engineering hub advocate OTS
56,2026-09-01,/personal-loan-settlement-ludhiana,https://settleloans.in/personal-loan-settlement-ludhiana,Submitted,Geo-Hub / Punjab,Industrial manufacturing MSME OTS
57,2026-09-01,/personal-loan-settlement-patna,https://settleloans.in/personal-loan-settlement-patna,Submitted,Geo-Hub / Bihar,Patna & Bihar regional debt resolution
58,2026-09-01,/personal-loan-settlement-nagpur,https://settleloans.in/personal-loan-settlement-nagpur,Submitted,Geo-Hub / Maharashtra,Vidarbha commercial & logistics hub OTS
59,2026-09-01,/dpdp-act-violation-complaint-against-loan-apps,https://settleloans.in/dpdp-act-violation-complaint-against-loan-apps,Submitted,Cyber Privacy Law,Data Protection Board complaint DPDP Act 2023
60,2026-09-01,/high-court-writ-petition-against-bank-recovery-harassment,https://settleloans.in/high-court-writ-petition-against-bank-recovery-harassment,Submitted,Constitutional Law,Article 226 High Court writ petition for protection
61,2026-09-01,/recovery-agent-harassment-mental-agony-suicide-threat,https://settleloans.in/recovery-agent-harassment-mental-agony-suicide-threat,Submitted,Criminal Law / Police FIR,Section 108 BNS abetment & mental torture FIR
62,2026-09-01,/step-by-step-guide-rbi-ombudsman-complaint-recovery-harassment,https://settleloans.in/step-by-step-guide-rbi-ombudsman-complaint-recovery-harassment,Submitted,Regulatory Grievance Portal,RBI CMS complaint step-by-step walkthrough
63,2026-09-01,/recovery-agents-contacting-previous-employer-or-college,https://settleloans.in/recovery-agents-contacting-previous-employer-or-college,Submitted,Defamation & Privacy Law,Section 356 BNS criminal defamation against agents
64,2026-09-01,/recovery-agents-sending-fake-court-summons-whatsapp,https://settleloans.in/recovery-agents-sending-fake-court-summons-whatsapp,Submitted,Forgery & Criminal Law,Section 336/338 BNS forgery of court seals
65,2026-09-01,/recovery-agents-harassing-family-in-front-of-children,https://settleloans.in/recovery-agents-harassing-family-in-front-of-children,Submitted,Child & Family Protection,Juvenile Justice Act & domestic harassment laws
66,2026-09-01,/recovery-agents-blocking-gate-wrongful-confinement,https://settleloans.in/recovery-agents-blocking-gate-wrongful-confinement,Submitted,Criminal Law / Police FIR,Section 126/127 BNS wrongful restraint & confinement
67,2026-09-01,/recovery-agent-refusing-to-leave-house-dharna-what-to-do,https://settleloans.in/recovery-agent-refusing-to-leave-house-dharna-what-to-do,Submitted,Criminal Law / Police FIR,Section 329 BNS criminal trespass & 112 emergency
68,2026-09-01,/can-recovery-agents-visit-home-on-sunday-or-holidays,https://settleloans.in/can-recovery-agents-visit-home-on-sunday-or-holidays,Submitted,RBI Recovery Norms,RBI timing 8 AM - 7 PM and holiday restrictions
69,2026-09-01,/can-recovery-agents-freeze-family-bank-accounts,https://settleloans.in/can-recovery-agents-freeze-family-bank-accounts,Submitted,Banking Law,Third-party family accounts immunity
70,2026-09-01,/can-recovery-agents-enter-house-without-permission,https://settleloans.in/can-recovery-agents-enter-house-without-permission,Submitted,Criminal Law / Police FIR,House trespass Section 329 BNS & Supreme Court rulings
71,2026-08-31,/recovery-agents-calling-from-unknown-virtual-numbers,https://settleloans.in/recovery-agents-calling-from-unknown-virtual-numbers,Submitted,TRAI / Cyber Complaint,Virtual VoIP numbers spoofing DOT/TRAI violation
72,2026-08-31,/recovery-agent-calling-late-night-rbi-violation,https://settleloans.in/recovery-agent-calling-late-night-rbi-violation,Submitted,RBI Recovery Norms,Calling before 8 AM or after 7 PM violation
73,2026-08-31,/how-to-check-recovery-agent-id-card-and-dra-certificate,https://settleloans.in/how-to-check-recovery-agent-id-card-and-dra-certificate,Submitted,Agent Verification,IIBF DRA certificate & bank authorization check
74,2026-08-31,/how-to-file-police-fir-with-recovery-agent-call-recording,https://settleloans.in/how-to-file-police-fir-with-recovery-agent-call-recording,Submitted,Police & Evidence Law,Call recording admissible under Section 63 BSA
75,2026-08-31,/can-recovery-agents-take-household-furniture-or-gold,https://settleloans.in/can-recovery-agents-take-household-furniture-or-gold,Submitted,Civil Procedure Code,Section 60 CPC movable property seizure immunity
76,2026-08-31,/recovery-agent-misbehaving-with-women-legal-action,https://settleloans.in/recovery-agent-misbehaving-with-women-legal-action,Submitted,Women Safety & NCW,Section 74/79 BNS outraging modesty & NCW complaint
77,2026-08-31,/recovery-agents-talking-to-neighbours-landlord,https://settleloans.in/recovery-agents-talking-to-neighbours-landlord,Submitted,Privacy & Defamation,Neighbour shaming privacy violation & cease-desist
78,2026-08-31,/should-i-pay-cash-to-bank-recovery-agent,https://settleloans.in/should-i-pay-cash-to-bank-recovery-agent,Submitted,Fraud Prevention,Strict RBI prohibition on cash collection & fraud risks
79,2026-08-31,/recovery-agent-fake-police-call-complaint,https://settleloans.in/recovery-agent-fake-police-call-complaint,Submitted,Criminal Law / Impersonation,Section 204 BNS / 170 IPC police impersonation FIR
80,2026-08-31,/recovery-agents-snatching-bike-on-road-illegal-repo,https://settleloans.in/recovery-agents-snatching-bike-on-road-illegal-repo,Submitted,Criminal Law / Robbery,Section 303/307 BNS illegal vehicle snatching FIR
81,2026-08-31,/salary-account-ecs-mandate-cancellation-rules,https://settleloans.in/salary-account-ecs-mandate-cancellation-rules,Submitted,Banking Mandates,NACH/e-Mandate revocation via bank & NPCI
82,2026-08-31,/wilful-defaulter-notice-reply-and-settlement-defense,https://settleloans.in/wilful-defaulter-notice-reply-and-settlement-defense,Submitted,RBI Master Direction,Wilful defaulter identification committee defense
83,2026-08-31,/cyber-crime-complaint-illegal-loan-apps-blackmail,https://settleloans.in/cyber-crime-complaint-illegal-loan-apps-blackmail,Submitted,Cyber Crime Law,Cyber crime 1930 & cybercrime.gov.in escalation
84,2026-08-31,/loan-settlement-for-housewives-and-co-borrowers,https://settleloans.in/loan-settlement-for-housewives-and-co-borrowers,Submitted,Co-Borrower Rights,Housewife non-earning co-borrower legal protection
85,2026-08-31,/federal-bank-loan-settlement-process,https://settleloans.in/federal-bank-loan-settlement-process,Submitted,Private Bank Settlement,Federal Bank retail personal loan & card OTS
86,2026-08-31,/union-bank-of-india-personal-loan-settlement,https://settleloans.in/union-bank-of-india-personal-loan-settlement,Submitted,PSU Bank Settlement,Union Bank SAMB & Lok Adalat compromise policy
87,2026-08-31,/stashfin-loan-default-settlement-process,https://settleloans.in/stashfin-loan-default-settlement-process,Submitted,Fintech Credit Line,Akara Capital / Stashfin credit card & line OTS
88,2026-08-31,/loan-foreclosure-vs-prepayment-vs-settlement,https://settleloans.in/loan-foreclosure-vs-prepayment-vs-settlement,Submitted,Debt Strategy Comparison,Foreclosure vs Prepayment vs Settlement breakdown
